Cliente,Orden,Archivo_OC,Codigo,Producto,OC_Unidades_documento,Pendiente_estimado_unidades,Precio_OC,Pendiente_estimado_USD
Corporación El Rosado,4618191677,PEDIDO ROSADO 30.07 (1).pdf,1140001.0,Aceite de Coco Sunshine 270ml - Ref. 7861003037553,2004.0,2004.0,2.75,5511.0
Corporación El Rosado,4618213243,PDIDO ROSADO ZICO 03.08 (1).pdf,1140001.0,Aceite de Coco Sunshine 270ml - Ref. 7861003037553,13824.0,13824.0,2.75,38016.0
Corporación El Rosado,4618234592,PDIDO ROSADO ZICO 06.08 (1).pdf,1140001.0,Aceite de Coco Sunshine 270ml - Ref. 7861003037553,2028.0,2028.0,2.75,5577.0
Corporación El Rosado,4618256901,"PEDIDO ROSASO ALOAG 13,08 (1).pdf",1140001.0,Aceite de Coco Sunshine 270ml - Ref. 7861003037553,13824.0,13824.0,2.75,38016.0
Corporación El Rosado,4618276693,"PEDIDO ROSASO ALOAG 13,08 (1).pdf",1140001.0,Aceite de Coco Sunshine 270ml - Ref. 7861003037553,2040.0,2040.0,2.75,5610.0
Corporación El Rosado,4618360687,pedidos_118322 (63) (3).pdf,1140001.0,Aceite de Coco Sunshine 270ml - Ref. 7861003037553,2088.0,2088.0,2.75,5742.0
Corporación El Rosado,5401470322,PEDIDO ROSADO 30.07 (1).pdf,12010012.0,Miel de Datil 300g - Ref. 7862123515594,60.0,60.0,5.6499999999999995,338.99999999999994
Corporación El Rosado,5401470322,PEDIDO ROSADO 30.07 (1).pdf,13020002.0,Semillas de Linaza Zico 100g - Ref. 7862123516447,180.0,18.0,0.4,7.2
Corporación El Rosado,5401470323,PEDIDO ROSADO 30.07 (1).pdf,3120002.0,Avenut Choco Avellana Crema de Almendra y Avellana sin azucar 190g - Ref. 7862123513705,48.0,48.0,5.29,253.92000000000002
Corporación El Rosado,5401471448,PDIDO ROSADO ZICO 03.08 (1).pdf,13020002.0,Semillas de Linaza Zico 100g - Ref. 7862123516447,180.0,18.0,0.4,7.2
Corporación El Rosado,5401471570,PDIDO ROSADO ZICO 03.08 (1).pdf,12010012.0,Miel de Datil 300g - Ref. 7862123515594,324.0,324.0,5.6499999999999995,1830.6
Corporación El Rosado,5401471570,PDIDO ROSADO ZICO 03.08 (1).pdf,13020002.0,Semillas de Linaza Zico 100g - Ref. 7862123516447,855.0,85.5,0.4,34.2
Corporación El Rosado,5401471571,PDIDO ROSADO ZICO 03.08 (1).pdf,3120002.0,Avenut Choco Avellana Crema de Almendra y Avellana sin azucar 190g - Ref. 7862123513705,240.0,240.0,5.29,1269.6
Corporación El Rosado,5401473334,PDIDO ROSADO ZICO 06.08 (1).pdf,12010012.0,Miel de Datil 300g - Ref. 7862123515594,60.0,60.0,5.6499999999999995,338.99999999999994
Corporación El Rosado,5401473334,PDIDO ROSADO ZICO 06.08 (1).pdf,13020002.0,Semillas de Linaza Zico 100g - Ref. 7862123516447,105.0,10.5,0.4,4.2
Corporación El Rosado,5401473335,PDIDO ROSADO ZICO 06.08 (1).pdf,3120002.0,Avenut Choco Avellana Crema de Almendra y Avellana sin azucar 190g - Ref. 7862123513705,48.0,48.0,5.29,253.92000000000002
Corporación El Rosado,5401474604,PDIDO ROSADO 10.08 (1).pdf,13020002.0,Semillas de Linaza Zico 100g - Ref. 7862123516447,165.0,16.5,0.4,6.6000000000000005
Corporación El Rosado,5401474727,PDIDO ROSADO 10.08 (1).pdf,12010012.0,Miel de Datil 300g - Ref. 7862123515594,324.0,324.0,5.6499999999999995,1830.6
Corporación El Rosado,5401474727,PDIDO ROSADO 10.08 (1).pdf,13020002.0,Semillas de Linaza Zico 100g - Ref. 7862123516447,915.0,91.5,0.4,36.6
Corporación El Rosado,5401474728,PDIDO ROSADO 10.08 (1).pdf,3120002.0,Avenut Choco Avellana Crema de Almendra y Avellana sin azucar 190g - Ref. 7862123513705,240.0,240.0,5.29,1269.6
Corporación El Rosado,5401476429,"PEDIDO ROSASO ALOAG 13,08 (1).pdf",12010012.0,Miel de Datil 300g - Ref. 7862123515594,60.0,60.0,5.6499999999999995,338.99999999999994
Corporación El Rosado,5401476429,"PEDIDO ROSASO ALOAG 13,08 (1).pdf",13020002.0,Semillas de Linaza Zico 100g - Ref. 7862123516447,135.0,13.5,0.4,5.4
Corporación El Rosado,5401476430,"PEDIDO ROSASO ALOAG 13,08 (1).pdf",3120002.0,Avenut Choco Avellana Crema de Almendra y Avellana sin azucar 190g - Ref. 7862123513705,48.0,48.0,5.29,253.92000000000002
Corporación El Rosado,5401477532,PDIDO GYE ROSADO 17.08.26.pdf,13020002.0,Semillas de Linaza Zico 100g - Ref. 7862123516447,195.0,19.5,0.4,7.800000000000001
Corporación El Rosado,5401477656,PDIDO GYE ROSADO 17.08.26.pdf,12010012.0,Miel de Datil 300g - Ref. 7862123515594,324.0,324.0,5.6499999999999995,1830.6
Corporación El Rosado,5401477656,PDIDO GYE ROSADO 17.08.26.pdf,13020002.0,Semillas de Linaza Zico 100g - Ref. 7862123516447,915.0,91.5,0.4,36.6
Corporación El Rosado,5401477657,PDIDO GYE ROSADO 17.08.26.pdf,3120002.0,Avenut Choco Avellana Crema de Almendra y Avellana sin azucar 190g - Ref. 7862123513705,240.0,240.0,5.29,1269.6
Corporación El Rosado,5401480568,PEDIDO ROSADO 24.08.pdf,13020002.0,Semillas de Linaza Zico 100g - Ref. 7862123516447,150.0,15.0,0.4,6.0
Corporación El Rosado,5401480690,PEDIDO ROSADO 24.08.pdf,12010012.0,Miel de Datil 300g - Ref. 7862123515594,324.0,324.0,5.6499999999999995,1830.6
Corporación El Rosado,5401480690,PEDIDO ROSADO 24.08.pdf,13020002.0,Semillas de Linaza Zico 100g - Ref. 7862123516447,795.0,79.5,0.4,31.8
Corporación El Rosado,5401480691,PEDIDO ROSADO 24.08.pdf,3120002.0,Avenut Choco Avellana Crema de Almendra y Avellana sin azucar 190g - Ref. 7862123513705,240.0,240.0,5.29,1269.6
Corporación El Rosado,5401482575,pedidos_118322 (63) (3).pdf,12010012.0,Miel de Datil 300g - Ref. 7862123515594,60.0,60.0,5.6499999999999995,338.99999999999994
Corporación El Rosado,5401482575,pedidos_118322 (63) (3).pdf,13020002.0,Semillas de Linaza Zico 100g - Ref. 7862123516447,150.0,15.0,0.4,6.0
Corporación El Rosado,5401482576,pedidos_118322 (63) (3).pdf,3120002.0,Avenut Choco Avellana Crema de Almendra y Avellana sin azucar 190g - Ref. 7862123513705,48.0,48.0,5.29,253.92000000000002
Corporación Favorita,"ACEITE DE COCO SUPERMAXI 12,08 (2)","ACEITE DE COCO SUPERMAXI 12,08 (2).pdf",1030005.0,Aceite de coco Smart Selection 900ml - Ref. 7861223834475,1200.0,138.0,7.9,1090.2
Corporación Favorita,PDIDO ACEITES SUPERMAXI 24.08 (1),PDIDO ACEITES SUPERMAXI 24.08 (1).pdf,1010004.0,Aceite de Coco Sachet Karay 15ml. Ref. 7862123510759,1440.0,162.46153846153845,0.34,55.23692307692308
Corporación Favorita,PDIDO ACEITES SUPERMAXI 24.08 (1),PDIDO ACEITES SUPERMAXI 24.08 (1).pdf,1010024.0,Aceite de Girasol Air Fryer Spray Karay 250ml - Ref. 7862123515167,240.0,240.0,2.15,516.0
Corporación Favorita,PDIDO ACEITES SUPERMAXI 24.08 (1),PDIDO ACEITES SUPERMAXI 24.08 (1).pdf,1010033.0,Aceite de Coco Karay 190ml - Ref. 7862123510018,1320.0,495.0,5.566979166666667,2755.6546875000004
Corporación Favorita,PDIDO ACEITES SUPERMAXI 24.08 (1),PDIDO ACEITES SUPERMAXI 24.08 (1).pdf,3010006.0,Mantequilla de Mani con Proteina Karay 225g Ref.7862123512623,480.0,480.0,2.923076923076923,1403.076923076923
Corporación Favorita,PDIDO ACEITES SUPERMAXI 24.08 (1),PDIDO ACEITES SUPERMAXI 24.08 (1).pdf,3010013.0,Mantequilla de Mani Karay 490g Ref.7862123515662,180.0,2.4,4.78,11.472
Corporación Favorita,PDIDO ACEITES SUPERMAXI 24.08 (1),PDIDO ACEITES SUPERMAXI 24.08 (1).pdf,6010002.0,Chispas de Chocolate Keto Karay 170g - Ref. 7862123512203 (ESTE CAMBIO A 100G),420.0,288.0,3.51,1010.8799999999999
Corporación Favorita,PDIDO ACEITES SUPERMAXI 24.08 (1),PDIDO ACEITES SUPERMAXI 24.08 (1).pdf,8010018.0,Nuez de la India/Cashew Karay 180g - Ref. 7862123515617,720.0,458.1818181818182,4.93,2258.8363636363633
Corporación Favorita,PDIDO ACEITES SUPERMAXI 24.08 (1),PDIDO ACEITES SUPERMAXI 24.08 (1).pdf,8010024.0,Datiles Karay 360g - Ref. 7862123513941,60.0,15.0,3.8,57.0
Corporación Favorita,PDIDO ACEITES SUPERMAXI 24.08 (1),PDIDO ACEITES SUPERMAXI 24.08 (1).pdf,13010002.0,Linaza Molida Karay 454g (16 oz) - Ref. 7862123511107,1200.0,971.0526315789474,1.6348026315789477,1587.4793975069256
Corporación Favorita,PDIDO ACEITES SUPERMAXI 24.08 (1),PDIDO ACEITES SUPERMAXI 24.08 (1).pdf,19010003.0,Galletas Arroz con Leche 70g Karay - Ref. 7862123517215,1920.0,1137.5094339622642,0.7675471698113208,873.0921466714134
Corporación Favorita,PDIDO ACEITES SUPERMAXI 24.08 (1),PDIDO ACEITES SUPERMAXI 24.08 (1).pdf,19030001.0,Galletas Multicereal 115g El Artesanal - Ref. 7861223834529,2400.0,1284.5070422535211,0.7300000000000001,937.6901408450706
Corporación Favorita,PDIDO ACEITES SUPERMAXI 24.08 (1),PDIDO ACEITES SUPERMAXI 24.08 (1).pdf,19030002.0,Galletas de Arroz con Leche 115g El Artesanal - Ref. 7861223834536,2400.0,625.5737704918033,0.7300000000000001,456.6688524590165
Corporación Favorita,PDIDO DE SUPER ADC 190 07.08 (3),PDIDO DE SUPER ADC 190 07.08 (3).pdf,1010033.0,Aceite de Coco Karay 190ml - Ref. 7862123510018,720.0,270.0,5.566979166666667,1503.0843750000001
Corporación Favorita,PDIDO HARINAS SUPRMAXI 24.08 (1),PDIDO HARINAS SUPRMAXI 24.08 (1).pdf,21010002.0,Avena Multicereal Choco Chips 300g Karay. Ref 7862123515686,120.0,120.0,3.14,376.8
Corporación Favorita,PDIDO SUPERMAXI ACEITES 17.08 (1),PDIDO SUPERMAXI ACEITES 17.08 (1).pdf,1010004.0,Aceite de Coco Sachet Karay 15ml. Ref. 7862123510759,2640.0,297.84615384615387,0.34,101.26769230769233
Corporación Favorita,PDIDO SUPERMAXI ACEITES 17.08 (1),PDIDO SUPERMAXI ACEITES 17.08 (1).pdf,1010008.0,Aceite de Linaza Karay 250ml - Ref. 7862123510506,480.0,298.6666666666667,3.33,994.5600000000001
Corporación Favorita,PDIDO SUPERMAXI ACEITES 17.08 (1),PDIDO SUPERMAXI ACEITES 17.08 (1).pdf,1010024.0,Aceite de Girasol Air Fryer Spray Karay 250ml - Ref. 7862123515167,240.0,240.0,2.15,516.0
Corporación Favorita,PDIDO SUPERMAXI ACEITES 17.08 (1),PDIDO SUPERMAXI ACEITES 17.08 (1).pdf,1010031.0,Aceite de Coco Extra Virgen Karay 100ml - Ref. 7862123515587,2400.0,296.7741935483871,1.9768817204301075,586.6874783211931
Corporación Favorita,PDIDO SUPERMAXI ACEITES 17.08 (1),PDIDO SUPERMAXI ACEITES 17.08 (1).pdf,1010033.0,Aceite de Coco Karay 190ml - Ref. 7862123510018,1920.0,720.0,5.566979166666667,4008.2250000000004
Corporación Favorita,PDIDO SUPERMAXI ACEITES 17.08 (1),PDIDO SUPERMAXI ACEITES 17.08 (1).pdf,3010006.0,Mantequilla de Mani con Proteina Karay 225g Ref.7862123512623,720.0,720.0,2.923076923076923,2104.6153846153843
Corporación Favorita,PDIDO SUPERMAXI ACEITES 17.08 (1),PDIDO SUPERMAXI ACEITES 17.08 (1).pdf,3010013.0,Mantequilla de Mani Karay 490g Ref.7862123515662,720.0,9.6,4.78,45.888
Corporación Favorita,PDIDO SUPERMAXI ACEITES 17.08 (1),PDIDO SUPERMAXI ACEITES 17.08 (1).pdf,3030004.0,Crema de Mani Crunchy Supermaxi 475g - Ref. 7861223834505,120.0,32.0,3.1,99.2
Corporación Favorita,PDIDO SUPERMAXI ACEITES 17.08 (1),PDIDO SUPERMAXI ACEITES 17.08 (1).pdf,3120002.0,Avenut Choco Avellana Crema de Almendra y Avellana sin azucar 190g - Ref. 7862123513705,240.0,240.0,5.29,1269.6
Corporación Favorita,PDIDO SUPERMAXI ACEITES 17.08 (1),PDIDO SUPERMAXI ACEITES 17.08 (1).pdf,6010002.0,Chispas de Chocolate Keto Karay 170g - Ref. 7862123512203 (ESTE CAMBIO A 100G),300.0,205.71428571428572,3.51,722.0571428571428
Corporación Favorita,PDIDO SUPERMAXI ACEITES 17.08 (1),PDIDO SUPERMAXI ACEITES 17.08 (1).pdf,8010008.0,Avellanas Peladas 190g Karay - Ref. 7862123510698,240.0,6.857142857142857,4.844285714285714,33.217959183673464
Corporación Favorita,PDIDO SUPERMAXI ACEITES 17.08 (1),PDIDO SUPERMAXI ACEITES 17.08 (1).pdf,8010018.0,Nuez de la India/Cashew Karay 180g - Ref. 7862123515617,360.0,229.0909090909091,4.93,1129.4181818181817
Corporación Favorita,PDIDO SUPERMAXI ACEITES 17.08 (1),PDIDO SUPERMAXI ACEITES 17.08 (1).pdf,8010024.0,Datiles Karay 360g - Ref. 7862123513941,360.0,90.0,3.8,342.0
Corporación Favorita,PDIDO SUPERMAXI ACEITES 17.08 (1),PDIDO SUPERMAXI ACEITES 17.08 (1).pdf,12010006.0,Miel de Coco Karay 450g - Ref. 7862123514238,240.0,48.0,4.570000000000001,219.36000000000007
Corporación Favorita,PDIDO SUPERMAXI ACEITES 17.08 (1),PDIDO SUPERMAXI ACEITES 17.08 (1).pdf,13010002.0,Linaza Molida Karay 454g (16 oz) - Ref. 7862123511107,1200.0,971.0526315789474,1.6348026315789477,1587.4793975069256
Corporación Favorita,PDIDO SUPERMAXI ACEITES 17.08 (1),PDIDO SUPERMAXI ACEITES 17.08 (1).pdf,19010003.0,Galletas Arroz con Leche 70g Karay - Ref. 7862123517215,2400.0,1421.8867924528302,0.7675471698113208,1091.3651833392667
Corporación Favorita,PDIDO SUPERMAXI ACEITES 17.08 (1),PDIDO SUPERMAXI ACEITES 17.08 (1).pdf,19030001.0,Galletas Multicereal 115g El Artesanal - Ref. 7861223834529,2400.0,1284.5070422535211,0.7300000000000001,937.6901408450706
Corporación Favorita,PDIDO SUPERMAXI ACEITES 17.08 (1),PDIDO SUPERMAXI ACEITES 17.08 (1).pdf,19030002.0,Galletas de Arroz con Leche 115g El Artesanal - Ref. 7861223834536,2400.0,625.5737704918033,0.7300000000000001,456.6688524590165
Corporación Favorita,PDIDO SUPERMAXI ACEITES 17.08 (1),PDIDO SUPERMAXI ACEITES 17.08 (1).pdf,19030003.0,LA ORGINAL ARROZ INTEGRAL 90ml  -  REF. 7861223844535,960.0,309.0731707317073,0.54,166.89951219512196
Corporación Favorita,PEDIDO ACEITES SUPERMAXI 07.08 (1),PEDIDO ACEITES SUPERMAXI 07.08 (1).pdf,1010004.0,Aceite de Coco Sachet Karay 15ml. Ref. 7862123510759,1440.0,162.46153846153845,0.34,55.23692307692308
Corporación Favorita,PEDIDO ACEITES SUPERMAXI 07.08 (1),PEDIDO ACEITES SUPERMAXI 07.08 (1).pdf,1010008.0,Aceite de Linaza Karay 250ml - Ref. 7862123510506,60.0,37.333333333333336,3.33,124.32000000000001
Corporación Favorita,PEDIDO ACEITES SUPERMAXI 07.08 (1),PEDIDO ACEITES SUPERMAXI 07.08 (1).pdf,1010031.0,Aceite de Coco Extra Virgen Karay 100ml - Ref. 7862123515587,960.0,118.70967741935483,1.9768817204301075,234.67499132847726
Corporación Favorita,PEDIDO ACEITES SUPERMAXI 07.08 (1),PEDIDO ACEITES SUPERMAXI 07.08 (1).pdf,3030004.0,Crema de Mani Crunchy Supermaxi 475g - Ref. 7861223834505,60.0,16.0,3.1,49.6
Corporación Favorita,PEDIDO ACEITES SUPERMAXI 07.08 (1),PEDIDO ACEITES SUPERMAXI 07.08 (1).pdf,6010002.0,Chispas de Chocolate Keto Karay 170g - Ref. 7862123512203 (ESTE CAMBIO A 100G),120.0,82.28571428571429,3.51,288.8228571428572
Corporación Favorita,PEDIDO ACEITES SUPERMAXI 07.08 (1),PEDIDO ACEITES SUPERMAXI 07.08 (1).pdf,8010008.0,Avellanas Peladas 190g Karay - Ref. 7862123510698,120.0,3.4285714285714284,4.844285714285714,16.608979591836732
Corporación Favorita,PEDIDO ACEITES SUPERMAXI 07.08 (1),PEDIDO ACEITES SUPERMAXI 07.08 (1).pdf,8010024.0,Datiles Karay 360g - Ref. 7862123513941,240.0,60.0,3.8,228.0
Corporación Favorita,PEDIDO ACEITES SUPERMAXI 07.08 (1),PEDIDO ACEITES SUPERMAXI 07.08 (1).pdf,19010003.0,Galletas Arroz con Leche 70g Karay - Ref. 7862123517215,480.0,284.37735849056605,0.7675471698113208,218.27303666785335
Corporación Favorita,PEDIDO ACEITES SUPERMAXI 07.08 (1),PEDIDO ACEITES SUPERMAXI 07.08 (1).pdf,19030001.0,Galletas Multicereal 115g El Artesanal - Ref. 7861223834529,1200.0,642.2535211267606,0.7300000000000001,468.8450704225353
Corporación Favorita,PEDIDO ACEITES SUPERMAXI 07.08 (1),PEDIDO ACEITES SUPERMAXI 07.08 (1).pdf,19030002.0,Galletas de Arroz con Leche 115g El Artesanal - Ref. 7861223834536,2400.0,625.5737704918033,0.7300000000000001,456.6688524590165
Corporación Favorita,PEDIDO ACEITES SUPERMAXI 07.08 (1),PEDIDO ACEITES SUPERMAXI 07.08 (1).pdf,19030003.0,LA ORGINAL ARROZ INTEGRAL 90ml  -  REF. 7861223844535,1560.0,502.2439024390244,0.54,271.2117073170732
Corporación Favorita,PEDIDO SUPER GALLETAS 06.08 (3),PEDIDO SUPER GALLETAS 06.08 (3).pdf,19030001.0,Galletas Multicereal 115g El Artesanal - Ref. 7861223834529,7200.0,3853.521126760563,0.7300000000000001,2813.0704225352115
Corporación Favorita,PEDIDO SUPERMX ACEITES 03.08 (4),PEDIDO SUPERMX ACEITES 03.08 (4).pdf,1010004.0,Aceite de Coco Sachet Karay 15ml. Ref. 7862123510759,3840.0,433.2307692307692,0.34,147.29846153846154
Corporación Favorita,PEDIDO SUPERMX ACEITES 03.08 (4),PEDIDO SUPERMX ACEITES 03.08 (4).pdf,1010031.0,Aceite de Coco Extra Virgen Karay 100ml - Ref. 7862123515587,1080.0,133.5483870967742,1.9768817204301075,264.009365244537
Corporación Favorita,PEDIDO SUPERMX ACEITES 03.08 (4),PEDIDO SUPERMX ACEITES 03.08 (4).pdf,1010033.0,Aceite de Coco Karay 190ml - Ref. 7862123510018,600.0,225.0,5.566979166666667,1252.5703125
Corporación Favorita,PEDIDO SUPERMX ACEITES 03.08 (4),PEDIDO SUPERMX ACEITES 03.08 (4).pdf,3010006.0,Mantequilla de Mani con Proteina Karay 225g Ref.7862123512623,360.0,360.0,2.923076923076923,1052.3076923076922
Corporación Favorita,PEDIDO SUPERMX ACEITES 03.08 (4),PEDIDO SUPERMX ACEITES 03.08 (4).pdf,3120002.0,Avenut Choco Avellana Crema de Almendra y Avellana sin azucar 190g - Ref. 7862123513705,420.0,420.0,5.29,2221.8
Corporación Favorita,PEDIDO SUPERMX ACEITES 03.08 (4),PEDIDO SUPERMX ACEITES 03.08 (4).pdf,8010008.0,Avellanas Peladas 190g Karay - Ref. 7862123510698,480.0,13.714285714285714,4.844285714285714,66.43591836734693
Corporación Favorita,PEDIDO SUPERMX ACEITES 03.08 (4),PEDIDO SUPERMX ACEITES 03.08 (4).pdf,8010018.0,Nuez de la India/Cashew Karay 180g - Ref. 7862123515617,240.0,152.72727272727272,4.93,752.9454545454545
Corporación Favorita,PEDIDO SUPERMX ACEITES 03.08 (4),PEDIDO SUPERMX ACEITES 03.08 (4).pdf,8010024.0,Datiles Karay 360g - Ref. 7862123513941,540.0,135.0,3.8,513.0
Corporación Favorita,PEDIDO SUPERMX ACEITES 03.08 (4),PEDIDO SUPERMX ACEITES 03.08 (4).pdf,13010002.0,Linaza Molida Karay 454g (16 oz) - Ref. 7862123511107,1140.0,922.5,1.6348026315789477,1508.1054276315792
Corporación Favorita,PEDIDO SUPERMX ACEITES 03.08 (4),PEDIDO SUPERMX ACEITES 03.08 (4).pdf,19010003.0,Galletas Arroz con Leche 70g Karay - Ref. 7862123517215,1440.0,853.1320754716982,0.7675471698113208,654.81911000356
Corporación Favorita,PEDIDO SUPERMX ACEITES 03.08 (4),PEDIDO SUPERMX ACEITES 03.08 (4).pdf,19030001.0,Galletas Multicereal 115g El Artesanal - Ref. 7861223834529,3840.0,2055.211267605634,0.7300000000000001,1500.304225352113
Corporación Favorita,PEDIDO SUPERMX ACEITES 03.08 (4),PEDIDO SUPERMX ACEITES 03.08 (4).pdf,19030002.0,Galletas de Arroz con Leche 115g El Artesanal - Ref. 7861223834536,7440.0,1939.27868852459,0.7300000000000001,1415.673442622951
Corporación Favorita,PEDIDO SUPERMX ACEITES 03.08 (4),PEDIDO SUPERMX ACEITES 03.08 (4).pdf,19030003.0,LA ORGINAL ARROZ INTEGRAL 90ml  -  REF. 7861223844535,2400.0,772.6829268292682,0.54,417.2487804878049
Farmaenlace,PDIDO FARMAENLACE 11.08,PDIDO FARMAENLACE 11.08.pdf,1010031.0,Aceite de Coco Extra Virgen Karay 100ml - Ref. 7862123515587,24.0,2.967741935483871,1.9768817204301075,5.866874783211932
Farmaenlace,PDIDO FARMAENLACE 11.08,PDIDO FARMAENLACE 11.08.pdf,1010033.0,Aceite de Coco Karay 190ml - Ref. 7862123510018,24.0,9.0,5.566979166666667,50.102812500000006
Gerardo Ortiz,AL195668 (1),AL195668 (1).pdf,12010013.0,Azucar de Coco Karay 200g Caja x 24 - Ref. 7862123511169,24.0,6.0,1.93,11.58
Gerardo Ortiz,AM094413 (1),AM094413 (1).pdf,19010003.0,Galletas Arroz con Leche 70g Karay - Ref. 7862123517215,24.0,14.218867924528302,0.7675471698113208,10.913651833392667
Gerardo Ortiz,BM157983 (1),BM157983 (1).pdf,13010002.0,Linaza Molida Karay 454g (16 oz) - Ref. 7862123511107,12.0,9.710526315789474,1.6348026315789477,15.874793975069256
Gerardo Ortiz,BM159693 (1),BM159693 (1).pdf,1010033.0,Aceite de Coco Karay 190ml - Ref. 7862123510018,24.0,9.0,5.566979166666667,50.102812500000006
Gerardo Ortiz,CA080371 (1),CA080371 (1).pdf,13010002.0,Linaza Molida Karay 454g (16 oz) - Ref. 7862123511107,12.0,9.710526315789474,1.6348026315789477,15.874793975069256
Gerardo Ortiz,CD253874,CD253874.pdf,13020002.0,Semillas de Linaza Zico 100g - Ref. 7862123516447,15.0,1.5,0.4,0.6000000000000001
Gerardo Ortiz,CG316057 (1),CG316057 (1).pdf,13020002.0,Semillas de Linaza Zico 100g - Ref. 7862123516447,15.0,1.5,0.4,0.6000000000000001
Gerardo Ortiz,CI096465 (1),CI096465 (1).pdf,13010002.0,Linaza Molida Karay 454g (16 oz) - Ref. 7862123511107,12.0,9.710526315789474,1.6348026315789477,15.874793975069256
Gerardo Ortiz,CI097877 (1),CI097877 (1).pdf,12010013.0,Azucar de Coco Karay 200g Caja x 24 - Ref. 7862123511169,48.0,12.0,1.93,23.16
Gerardo Ortiz,CM405346 (2),CM405346 (2).pdf,19010003.0,Galletas Arroz con Leche 70g Karay - Ref. 7862123517215,24.0,14.218867924528302,0.7675471698113208,10.913651833392667
Gerardo Ortiz,CM406125 (1),CM406125 (1).pdf,12010013.0,Azucar de Coco Karay 200g Caja x 24 - Ref. 7862123511169,24.0,6.0,1.93,11.58
Gerardo Ortiz,CQ309537 (1),CQ309537 (1).pdf,13020002.0,Semillas de Linaza Zico 100g - Ref. 7862123516447,15.0,1.5,0.4,0.6000000000000001
Gerardo Ortiz,CQ310110 (1),CQ310110 (1).pdf,13010002.0,Linaza Molida Karay 454g (16 oz) - Ref. 7862123511107,12.0,9.710526315789474,1.6348026315789477,15.874793975069256
Gerardo Ortiz,CR458939 (1),CR458939 (1).pdf,13010002.0,Linaza Molida Karay 454g (16 oz) - Ref. 7862123511107,12.0,9.710526315789474,1.6348026315789477,15.874793975069256
Gerardo Ortiz,CS311515 (1),CS311515 (1).pdf,13010002.0,Linaza Molida Karay 454g (16 oz) - Ref. 7862123511107,12.0,9.710526315789474,1.6348026315789477,15.874793975069256
Gerardo Ortiz,MA011057,MA011057.pdf,19010003.0,Galletas Arroz con Leche 70g Karay - Ref. 7862123517215,24.0,14.218867924528302,0.7675471698113208,10.913651833392667
Gerardo Ortiz,QI297291 (1),QI297291 (1).pdf,13010002.0,Linaza Molida Karay 454g (16 oz) - Ref. 7862123511107,12.0,9.710526315789474,1.6348026315789477,15.874793975069256
Gerardo Ortiz,RA330944 (2),RA330944 (2).pdf,19010003.0,Galletas Arroz con Leche 70g Karay - Ref. 7862123517215,24.0,14.218867924528302,0.7675471698113208,10.913651833392667
Gerardo Ortiz,RA331552 (1),RA331552 (1).pdf,13010002.0,Linaza Molida Karay 454g (16 oz) - Ref. 7862123511107,12.0,9.710526315789474,1.6348026315789477,15.874793975069256
Gerardo Ortiz,RA332228,RA332228.pdf,19010003.0,Galletas Arroz con Leche 70g Karay - Ref. 7862123517215,24.0,14.218867924528302,0.7675471698113208,10.913651833392667
Gerardo Ortiz,SD226177 (1),SD226177 (1).pdf,13020002.0,Semillas de Linaza Zico 100g - Ref. 7862123516447,15.0,1.5,0.4,0.6000000000000001
Gerardo Ortiz,SR150368 (1),SR150368 (1).pdf,13010002.0,Linaza Molida Karay 454g (16 oz) - Ref. 7862123511107,12.0,9.710526315789474,1.6348026315789477,15.874793975069256
