Codigo,Producto,Unidad_Manejo,Forecast_Unidades,OC_Unidades,Facturado_Unidades,OC_vs_Forecast,Facturado_vs_Forecast,Facturado_vs_OC,Brecha_Forecast_Facturado,Brecha_OC_Facturado,Estado,Barcode,Precio_OC,Pendiente_Unidades_OC,Pendiente_USD
1010001,Aceite de Coco Karay 130ml - Ref. 7862123510001,24,960.0,480.0,1440.0,0.5,1.5,3.0,-480.0,-960.0,Sobre forecast,7862123510001,3.47,0.0,0.0
1010003,Aceite de Coco Karay 450ml Caja x 12 - Ref. 7862123510025,12,0.0,0.0,0.0,,,,0.0,0.0,Sin forecast,7862123510025,8.39,0.0,0.0
1010004,Aceite de Coco Sachet Karay 15ml. Ref. 7862123510759,24,8280.0,9360.0,8304.0,1.1304347826086956,1.0028985507246375,0.8871794871794871,-24.0,1056.0,En meta,7862123510759,0.34,1056.0,359.04
1010008,Aceite de Linaza Karay 250ml - Ref. 7862123510506,12,940.0,1428.0,1092.0,1.5191489361702128,1.1617021276595745,0.7647058823529411,-152.0,336.0,Sobre forecast,7862123510506,3.33,336.0,1118.88
1010011,Aceite Ajonjolí Karay 250ml - Ref. 7862123510568,12,600.0,384.0,480.0,0.64,0.8,1.25,120.0,-96.0,Bajo,7862123510568,4.79,0.0,0.0
1010016,Aceite de Coco Liquido MCT Karay 250ml Ref.7862123511916,12,1100.0,564.0,588.0,0.5127272727272727,0.5345454545454545,1.0425531914893618,512.0,-24.0,Crítico,7862123511916,5.31,0.0,0.0
1010017,Aceite de Aguacate Karay 250ml - Ref. 7862123512593,12,2400.0,1260.0,1260.0,0.525,0.525,1.0,1140.0,0.0,Crítico,7862123512593,4.4,0.0,0.0
1010021,Aceite de Coco Karay Pack x2 - 450mlx2 - 180g Producto Gratis - Ref. 7862123514641,6,360.0,60.0,60.0,0.1666666666666666,0.1666666666666666,1.0,300.0,0.0,Crítico,7862123514641,13.59,0.0,0.0
1010024,Aceite de Girasol Air Fryer Spray Karay 250ml - Ref. 7862123515167,12,0.0,480.0,0.0,,,0.0,0.0,480.0,Sin forecast,7862123515167,2.15,480.0,1032.0
1010026,Aceite de Coco Sin Sabor Ni Olor Zico 220ml - Ref. 7862123515563,12,1200.0,0.0,0.0,0.0,0.0,,1200.0,0.0,Crítico,7862123515563,,0.0,
1010028,Aceite de Coco Líquido MCT Karay 500ml - Ref. 7862123515990,6,360.0,510.0,510.0,1.4166666666666667,1.4166666666666667,1.0,-150.0,0.0,Sobre forecast,7862123515990,11.09,0.0,0.0
1010029,Aceite de Aguacate Virgen Karay 500ml - Ref. 7862123515952,6,600.0,270.0,270.0,0.45,0.45,1.0,330.0,0.0,Crítico,7862123515952,8.97,0.0,0.0
1010030,Aceite de Coco Karay 450ml Caja x 24 - Ref. 7862123510025,24,983.0,120.0,624.0,0.1220752797558494,0.6347914547304171,5.2,359.0,-504.0,Crítico,7862123510025,8.39,0.0,0.0
1010031,Aceite de Coco Extra Virgen Karay 100ml - Ref. 7862123515587,24,2720.0,4464.0,3912.0,1.6411764705882352,1.438235294117647,0.8763440860215054,-1192.0,552.0,Sobre forecast,7862123515587,1.9768817204301075,552.0,1091.2387096774194
1010032,Aceite de Aguacate Spray 180g Karay - Ref. 7862123513439,12,0.0,0.0,0.0,,,,0.0,0.0,Sin forecast,7862123513439,,0.0,
1010033,Aceite de Coco Karay 190ml - Ref. 7862123510018,24,5276.0,4728.0,3000.0,0.8961334344200151,0.5686125852918877,0.6345177664974619,2276.0,1728.0,Crítico,7862123510018,5.566979166666667,1728.0,9619.74
1020001,Aceite de Coco Zico 650ml - Ref. 7862123513309,6,120.0,0.0,0.0,0.0,0.0,,120.0,0.0,Crítico,7862123513309,,0.0,
1020002,Aceite de coco Zico 450ml - Ref. 7862123510391,12,2467.0,1116.0,1404.0,0.4523713011755168,0.5691122821240373,1.2580645161290325,1063.0,-288.0,Crítico,7862123510391,7.0,0.0,0.0
1020008,Aceite de Linaza Zico 17kg,1,10.5,0.0,2.0,0.0,0.1904761904761904,,8.5,-2.0,Crítico,,,0.0,
1020013,Aceite De Coco Para Fritura Zico 220ml - Ref. 7862123515570,12,1020.0,600.0,792.0,0.5882352941176471,0.7764705882352941,1.32,228.0,-192.0,Bajo,7862123515570,,0.0,
1020014,Aceite de Aguacate Zico 155ml - Ref. 786213515495,12,1091.0,540.0,540.0,0.4949587534372135,0.4949587534372135,1.0,551.0,0.0,Crítico,,,0.0,
1020015,Aceite de Coco Sin Olor ni Sabor Karay 220ml - Ref. 7862123515600,12,0.0,180.0,180.0,,,1.0,-180.0,0.0,Sin forecast,7862123515600,5.37,0.0,0.0
1020017,Aceite De Coco MCT Spray Karay 250ml - Ref. 7862123515846,12,0.0,96.0,108.0,,,1.125,-108.0,-12.0,Sin forecast,7862123515846,,0.0,
1020018,Aceite de Coco Zico Pack x2 - 900ml - Ref. 7862123515815,6,1200.0,570.0,576.0,0.475,0.48,1.0105263157894735,624.0,-6.0,Crítico,7862123515815,,0.0,
1020019,Aceite de Coco Zico 190g - Ref. 7862123515891,12,11103.0,7524.0,7584.0,0.6776546879221832,0.6830586328019455,1.0079744816586922,3519.0,-60.0,Crítico,7862123515891,2.52,0.0,0.0
1020020,Aceite de Coco Zico 100ml - Ref. 7862123514139,24,3742.0,2592.0,2592.0,0.6926777124532336,0.6926777124532336,1.0,1150.0,0.0,Crítico,7862123514139,1.73,0.0,0.0
1030001,Aceite de coco Supermaxi 450ml - Ref. 7861223805345,12,840.0,360.0,600.0,0.4285714285714285,0.7142857142857143,1.6666666666666667,240.0,-240.0,Bajo,7861223805345,3.9400000000000004,0.0,0.0
1030002,Aceite de coco Supermaxi 274ml - Ref.7861223805352,12,924.0,240.0,480.0,0.2597402597402597,0.5194805194805194,2.0,444.0,-240.0,Crítico,7861223805352,2.37,0.0,0.0
1030003,Aceite de coco Supermaxi 120ml - Ref. 7861223805369,24,3600.0,1680.0,2160.0,0.4666666666666667,0.6,1.2857142857142858,1440.0,-480.0,Crítico,7861223805369,1.05,0.0,0.0
1030004,Aceite de Aguacate Supermaxi 500ml - Ref. 7861223834482,6,720.0,120.0,360.0,0.1666666666666666,0.5,3.0,360.0,-240.0,Crítico,7861223834482,6.99,0.0,0.0
1030005,Aceite de coco Smart Selection 900ml - Ref. 7861223834475,6,590.0,1200.0,1062.0,2.0338983050847457,1.8,0.885,-472.0,138.0,Sobre forecast,7861223834475,7.9,138.0,1090.2
1110001,Aceite de Coco Omegasol 840ml - Ref. 7862123516133,6,500.0,0.0,0.0,0.0,0.0,,500.0,0.0,Crítico,7862123516133,,0.0,
1110002,Aceite de Coco Omegasol 450ml - Ref. 7862123516102,12,500.0,60.0,60.0,0.12,0.12,1.0,440.0,0.0,Crítico,7862123516102,6.92,0.0,0.0
1140001,Aceite de Coco Sunshine 270ml - Ref. 7861003037553,12,0.0,35808.0,0.0,,,0.0,0.0,35808.0,Sin forecast,7861003037553,2.75,35808.0,98472.0
2010001,Harina de Almendra Karay 200g - Ref. 7862123510384,12,1945.0,720.0,720.0,0.3701799485861182,0.3701799485861182,1.0,1225.0,0.0,Crítico,7862123510384,4.16,0.0,0.0
2010002,Harina de Coco Karay 454g - Ref. 7862123510049,24,829.0,1032.0,1440.0,1.2448733413751507,1.7370325693606754,1.3953488372093024,-611.0,-408.0,Sobre forecast,7862123510049,2.7019512195121953,0.0,0.0
2010004,Harina de Almendra Karay 454g (16oz) - Ref. 7862123510377,12,580.0,180.0,300.0,0.3103448275862069,0.5172413793103449,1.6666666666666667,280.0,-120.0,Crítico,7862123510377,8.15,0.0,0.0
2010008,Harina Multiproposito Karay 454g - Ref. 7862123512234,24,625.0,1080.0,1080.0,1.728,1.728,1.0,-455.0,0.0,Sobre forecast,7862123512234,2.64,0.0,0.0
2010009,Almidon de Yuca Karay 454g Caja x 12 - Ref. 7862123512418,12,0.0,0.0,0.0,,,,0.0,0.0,Sin forecast,7862123512418,1.1296296296296295,0.0,0.0
2010012,Harina Libre de Gluten 1:1 Karay 454g - Ref. 7862123514443,12,757.5,540.0,948.0,0.7128712871287128,1.2514851485148517,1.7555555555555555,-190.5,-408.0,Sobre forecast,7862123514443,2.49,0.0,0.0
2010014,Almidon de Yuca Karay 454g Caja x 24 - Ref. 7862123512418,24,2500.0,2136.0,2472.0,0.8544,0.9888,1.1573033707865168,28.0,-336.0,En meta,7862123512418,1.1296296296296295,0.0,0.0
2010015,Harina Panadera 454g Karay - Ref. 7862123514047,12,0.0,0.0,0.0,,,,0.0,0.0,Sin forecast,7862123514047,,0.0,
2020001,Harina de Almendra Zico 190g - Ref. 7862123513361,12,480.0,84.0,156.0,0.175,0.325,1.8571428571428572,324.0,-72.0,Crítico,7862123513361,,0.0,
2020002,Almidon de Yuca Zico 320g  - Ref. 7862123516478,15,3600.0,1680.0,1695.0,0.4666666666666667,0.4708333333333333,1.0089285714285714,1905.0,-15.0,Crítico,7862123516478,,0.0,
2030001,Harina de Almendra Esy GF 200g - Ref. 7861223844498,12,2426.5,960.0,1932.0,0.3956315681022048,0.7962085308056872,2.0125,494.5,-972.0,Bajo,7861223844498,2.5900000000000003,0.0,0.0
2100004,Harina Multipropósito Zico 10 Kg,1,14.0,0.0,6.0,0.0,0.4285714285714285,,8.0,-6.0,Crítico,,,0.0,
3010001,Mantequilla de Almendra Karay 128g - Ref. 7862123510278,12,0.0,0.0,0.0,,,,0.0,0.0,Sin forecast,7862123510278,,0.0,
3010003,Mantequilla de Maní Karay 225g Ref. 7862123510834,12,1853.0,1260.0,1260.0,0.6799784133837021,0.6799784133837021,1.0,593.0,0.0,Crítico,7862123510834,2.65,0.0,0.0
3010004,Mantequilla de Almendra Tostada Karay 128g - Ref. 7862123511671,12,0.0,0.0,0.0,,,,0.0,0.0,Sin forecast,7862123511671,,0.0,
3010005,Mantequilla de Avellana Tostada Karay 128g - Ref. 7862123510919,12,0.0,0.0,0.0,,,,0.0,0.0,Sin forecast,7862123510919,,0.0,
3010006,Mantequilla de Mani con Proteina Karay 225g Ref.7862123512623,12,883.5,1560.0,0.0,1.765704584040747,0.0,0.0,883.5,1560.0,Crítico,7862123512623,2.923076923076923,1560.0,4560.0
3010009,Tahini Pasta Ajonjoli Karay 225g - Ref. 7862123510209,12,1024.5,540.0,780.0,0.527086383601757,0.7613469985358712,1.4444444444444444,244.5,-240.0,Bajo,7862123510209,2.8,0.0,0.0
3010013,Mantequilla de Mani Karay 490g Ref.7862123515662,12,900.0,900.0,888.0,1.0,0.9866666666666668,0.9866666666666668,12.0,12.0,En meta,7862123515662,4.78,12.0,57.36
3020001,Mantequilla de Mani Zico 1.5kg - Ref. 7862123513828,1,15.0,0.0,15.0,0.0,1.0,,0.0,-15.0,En meta,7862123513828,,0.0,
3020002,Mantequilla de Almendra Tostada Zico 1.5kg - Ref. 7862123513835,1,0.0,0.0,0.0,,,,0.0,0.0,Sin forecast,7862123513835,,0.0,
3020006,Tahini Zico 225g - Ref 7862123516133,12,400.0,0.0,180.0,0.0,0.45,,220.0,-180.0,Crítico,7862123516133,,0.0,
3020007,Crema de Almendra Zico 230g - Ref 7862123513842,12,229.0,24.0,192.0,0.1048034934497816,0.8384279475982532,8.0,37.0,-168.0,Bajo,7862123513842,4.59,0.0,0.0
3030001,Mantequilla de Mani Supermaxi 250ml - Ref. 7861223806014,12,1386.0,780.0,1140.0,0.5627705627705628,0.8225108225108225,1.4615384615384617,246.0,-360.0,Bajo,7861223806014,2.2799999999999994,0.0,0.0
3030002,Mantequilla de Mani Supermaxi 490g - Ref. 7861223806021,12,1381.0,360.0,600.0,0.2606806661839247,0.4344677769732078,1.6666666666666667,781.0,-240.0,Crítico,7861223806021,3.6600000000000006,0.0,0.0
3030003,Crema de Mani Cremosa Supermaxi 475g - Ref. 7861223834499,12,420.0,180.0,300.0,0.4285714285714285,0.7142857142857143,1.6666666666666667,120.0,-120.0,Bajo,7861223834499,3.1,0.0,0.0
3030004,Crema de Mani Crunchy Supermaxi 475g - Ref. 7861223834505,12,420.0,180.0,132.0,0.4285714285714285,0.3142857142857143,0.7333333333333333,288.0,48.0,Crítico,7861223834505,3.1,48.0,148.8
3030005,Crema de Mani Cremosa Sin Azucar Supermaxi 475g - Ref. 7861223834512,12,900.0,180.0,396.0,0.2,0.44,2.2,504.0,-216.0,Crítico,7861223834512,3.1,0.0,0.0
3120001,Avenut Pistacho Gourmet Crema de Pistacho y Almendra 190g - Ref. 7862123513712,12,480.0,516.0,516.0,1.075,1.075,1.0,-36.0,0.0,En meta,7862123513712,6.78,0.0,0.0
3120002,Avenut Choco Avellana Crema de Almendra y Avellana sin azucar 190g - Ref. 7862123513705,12,400.0,1812.0,0.0,4.53,0.0,0.0,400.0,1812.0,Crítico,7862123513705,5.29,1812.0,9585.48
3120003,Avenut Cinnamon Roll Crema de Almendra y Macadamia sin azúcar 190g - Ref. 7862123513682,12,480.0,180.0,180.0,0.375,0.375,1.0,300.0,0.0,Crítico,7862123513682,5.29,0.0,0.0
4010001,Pulpa de Acai en Polvo Karay 113g - Ref. 7862123511152,12,480.0,60.0,60.0,0.125,0.125,1.0,420.0,0.0,Crítico,7862123511152,4.99,0.0,0.0
4010002,Bebida de Coco en Polvo Karay 200g - Ref. 7862123511121,12,1600.0,696.0,696.0,0.435,0.435,1.0,904.0,0.0,Crítico,7862123511121,3.4028571428571426,0.0,0.0
4010004,Avena con Proteina Karay 300g - Ref. 7862123515631,12,1200.0,600.0,600.0,0.5,0.5,1.0,600.0,0.0,Crítico,7862123515631,3.65,0.0,0.0
4010006,Avena Libre de Gluten 300g - Ref. 7862123517345,12,650.0,252.0,480.0,0.3876923076923076,0.7384615384615385,1.9047619047619049,170.0,-228.0,Bajo,7862123517345,2.4599999999999995,0.0,0.0
6010002,Chispas de Chocolate Keto Karay 170g - Ref. 7862123512203 (ESTE CAMBIO A 100G),12,1600.0,840.0,264.0,0.525,0.165,0.3142857142857143,1336.0,576.0,Crítico,7862123512203,3.51,576.0,2021.7599999999998
7010002,Mix Pancakes Karay 300g - Ref. 7862123510599,12,493.5,588.0,588.0,1.1914893617021276,1.1914893617021276,1.0,-94.5,0.0,Sobre forecast,7862123510599,2.3087755102040814,0.0,0.0
7010010,Premezcla de Brownies Keto 200g Karay - Ref. 7862123513989,12,280.0,60.0,72.0,0.2142857142857142,0.2571428571428571,1.2,208.0,-12.0,Crítico,7862123513989,4.64,0.0,0.0
7010011,Premezcla de Pancakes Keto 200g Karay - Ref. 7862123514221,12,280.0,300.0,300.0,1.0714285714285714,1.0714285714285714,1.0,-20.0,0.0,En meta,7862123514221,4.64,0.0,0.0
8010003,Trail Mix Omega Karay 150g - Ref. 7862123512487,24,600.0,240.0,240.0,0.4,0.4,1.0,360.0,0.0,Crítico,7862123512487,1.74,0.0,0.0
8010004,Trail Mix Protein Karay 150g - Ref. 7862123512500,24,1200.0,1224.0,1224.0,1.02,1.02,1.0,-24.0,0.0,En meta,7862123512500,1.801,0.0,0.0
8010005,Trail Mix Keto Karay 150g - Ref. 7862123512517,24,954.5,840.0,1560.0,0.8800419067574646,1.6343635411210058,1.8571428571428572,-605.5,-720.0,Sobre forecast,7862123512517,2.05,0.0,0.0
8010008,Avellanas Peladas 190g Karay - Ref. 7862123510698,24,540.0,864.0,840.0,1.6,1.5555555555555556,0.9722222222222222,-300.0,24.0,Sobre forecast,7862123510698,4.844285714285714,24.0,116.26285714285714
8010009,Macadamia Pelada 180g Karay - Ref. 7862123510704,24,920.0,600.0,600.0,0.6521739130434783,0.6521739130434783,1.0,320.0,0.0,Crítico,7862123510704,5.62,0.0,0.0
8010010,Macadamia Pelada Tostada 180g Karay - Ref. 7862123510711,12,460.0,384.0,612.0,0.8347826086956521,1.3304347826086955,1.59375,-152.0,-228.0,Sobre forecast,7862123510711,6.179999999999999,0.0,0.0
8010011,Coco Rallado Karay 100g - Ref. 7862123510056,24,1753.0,600.0,600.0,0.3422703936109526,0.3422703936109526,1.0,1153.0,0.0,Crítico,7862123510056,1.26,0.0,0.0
8010012,Nuez Pecana 170g Karay - Ref. 7862123511657,12,0.0,0.0,0.0,,,,0.0,0.0,Sin forecast,7862123511657,,0.0,
8010018,Nuez de la India/Cashew Karay 180g - Ref. 7862123515617,12,480.0,1320.0,480.0,2.75,1.0,0.3636363636363636,0.0,840.0,En meta,7862123515617,4.93,840.0,4141.2
8010019,Datil Entero Karay 180g - Ref. 7862123515648,12,2300.0,852.0,972.0,0.3704347826086956,0.4226086956521739,1.1408450704225352,1328.0,-120.0,Crítico,7862123515648,2.452089552238806,0.0,0.0
8010020,Nueces Peladas Karay 250g - Ref. 7862123515679,12,0.0,0.0,0.0,,,,0.0,0.0,Sin forecast,7862123515679,,0.0,
8010023,Esy Datiles sin pepa 180g - Ref. 7861223834468,12,4600.0,3420.0,3840.0,0.7434782608695653,0.8347826086956521,1.1228070175438596,760.0,-420.0,Bajo,7861223834468,2.0,0.0,0.0
8100010,Coco Rallado Corto 25Kg,1,15.0,0.0,5.0,0.0,0.3333333333333333,,10.0,-5.0,Crítico,,,0.0,
12010001,Azucar de Coco Karay 200g Caja x 12 - Ref. 7862123511169,12,2376.0,0.0,0.0,0.0,0.0,,2376.0,0.0,Crítico,7862123511169,1.93,0.0,0.0
12010006,Miel de Coco Karay 450g - Ref. 7862123514238,12,260.0,240.0,192.0,0.9230769230769232,0.7384615384615385,0.8,68.0,48.0,Bajo,7862123514238,4.570000000000001,48.0,219.36000000000007
12010013,Azucar de Coco Karay 200g Caja x 24 - Ref. 7862123511169,24,0.0,168.0,144.0,,,0.8571428571428571,-144.0,24.0,Sin forecast,7862123511169,1.93,24.0,46.32
13010002,Linaza Molida Karay 454g (16 oz) - Ref. 7862123511107,12,3600.0,3792.0,840.0,1.0533333333333332,0.2333333333333333,0.2215189873417721,2760.0,2952.0,Crítico,7862123511107,1.6348026315789477,2952.0,4825.937368421053
13010005,Semilla de Chia Karay 220g - Ref. 7862123512630,12,5000.0,2700.0,2700.0,0.54,0.54,1.0,2300.0,0.0,Crítico,7862123512630,2.59,0.0,0.0
13010006,Semilla de Chia Karay 500g - F016,12,2000.0,1080.0,1104.0,0.54,0.552,1.022222222222222,896.0,-24.0,Crítico,,,0.0,
13020001,Semilla de Chia Zico 80g - Ref. 7862123516430,15,26200.0,20895.0,20955.0,0.7975190839694657,0.7998091603053435,1.0028715003589377,5245.0,-60.0,Bajo,7862123516430,0.69,0.0,0.0
13020002,Semillas de Linaza Zico 100g - Ref. 7862123516447,15,7000.0,9825.0,9345.0,1.4035714285714285,1.335,0.9511450381679388,-2345.0,480.0,Sobre forecast,7862123516447,0.4,480.0,192.0
18010001,Flor de Jamaica Karay 50g - Ref. 7862123514054,12,1200.0,1080.0,1200.0,0.9,1.0,1.1111111111111112,0.0,-120.0,En meta,7862123514054,1.4,0.0,0.0
19010001,Galletas de Arroz 70g Karay - Ref. 7862123517192,24,1200.0,408.0,864.0,0.34,0.72,2.1176470588235294,336.0,-456.0,Bajo,7862123517192,,0.0,
19010002,Galletas Multicereal 70g Karay - Ref. 7862123517239,24,1200.0,2616.0,3432.0,2.18,2.86,1.311926605504587,-2232.0,-816.0,Sobre forecast,7862123517239,0.7685714285714286,0.0,0.0
19010003,Galletas Arroz con Leche 70g Karay - Ref. 7862123517215,24,4800.0,6864.0,3096.0,1.43,0.645,0.451048951048951,1704.0,3768.0,Crítico,7862123517215,0.7675471698113208,3768.0,2892.1177358490568
19030001,Galletas Multicereal 115g El Artesanal - Ref. 7861223834529,24,10200.0,17040.0,7920.0,1.6705882352941177,0.7764705882352941,0.4647887323943662,2280.0,9120.0,Bajo,7861223834529,0.7300000000000001,9120.0,6657.600000000001
19030002,Galletas de Arroz con Leche 115g El Artesanal - Ref. 7861223834536,24,12000.0,14640.0,10824.0,1.22,0.902,0.739344262295082,1176.0,3816.0,En meta,7861223834536,0.7300000000000001,3816.0,2785.6800000000003
19030003,LA ORGINAL ARROZ INTEGRAL 90ml  -  REF. 7861223844535,24,8800.0,4920.0,3336.0,0.5590909090909091,0.3790909090909091,0.6780487804878049,5464.0,1584.0,Crítico,7861223844535,0.54,1584.0,855.36
21010002,Avena Multicereal Choco Chips 300g Karay. Ref 7862123515686,12,600.0,120.0,0.0,0.2,0.0,0.0,600.0,120.0,Crítico,7862123515686,3.14,120.0,376.8
21010003,Avena libre de Gluten Choco Fresa 300g Karay 7862123515693,12,0.0,0.0,0.0,,,,0.0,0.0,Sin forecast,7862123515693,,0.0,
21010004,Avena con Proteina Sabor a Brownie 300g Karay 7862123515174,12,120.0,240.0,240.0,2.0,2.0,1.0,-120.0,0.0,Sobre forecast,7862123515174,3.39,0.0,0.0
21030001,Avena libre de Gluten con Proteina Sabor a Brownie 265g ESY- Ref 7861223844504,12,1200.0,480.0,612.0,0.4,0.51,1.275,588.0,-132.0,Crítico,7861223844504,2.3,0.0,0.0
21030002,Avena libre de Gluten con Proteina Sabor a Wild Berries 265g ESY Ref 7861223844511,12,960.0,180.0,540.0,0.1875,0.5625,3.0,420.0,-360.0,Crítico,7861223844511,2.3,0.0,0.0
21030003,ESY Avena libre de Gluten GF 300g Ref 7861223844528,12,2300.0,600.0,1380.0,0.2608695652173913,0.6,2.3,920.0,-780.0,Crítico,7861223844528,1.99,0.0,0.0
22010001,Aminos de Coco Karay 225ml - Ref 7862123515709,12,360.0,0.0,0.0,0.0,0.0,,360.0,0.0,Crítico,7862123515709,,0.0,
12020004,Jarabe de Maíz Zico 290ml - Ref ,12,0.0,0.0,0.0,,,,0.0,0.0,Sin forecast,,,0.0,
12010012,Miel de Datil 300g - Ref. 7862123515594,12,600.0,1536.0,0.0,2.56,0.0,0.0,600.0,1536.0,Crítico,7862123515594,5.6499999999999995,1536.0,8678.4
8010024,Datiles Karay 360g - Ref. 7862123513941,12,900.0,1200.0,900.0,1.3333333333333333,1.0,0.75,0.0,300.0,En meta,7862123513941,3.8,300.0,1140.0
1030006,Aceite de coco La Original - Ref. 7861223855258,24,14400.0,0.0,0.0,0.0,0.0,,14400.0,0.0,Crítico,7861223855258,,0.0,
